,Hugo_Symbol,Mutation
0,ALK,V476A
2,ALK,G940D
6,ABL1,C369Y
17,ALK,L598F
33,EGFR,I425L
34,EGFR,L861Q
35,ALK,S131F
40,ALK,L283P
41,MET,T422I
48,ALK,S1206F
49,BRAF,V459L
57,EGFR,V845E
63,BRAF,V600E
71,ALK,G692R
86,JAK3,I781M
87,JAK3,L271V
88,EGFR,L858R
102,BRAF,G469A
104,ALK,E780K
110,ABL1,E581Q
111,EGFR,M277E
112,ALK,R1347L
114,ALK,G574W
117,BRAF,Q302R
120,JAK3,S959R
126,EGFR,L833V
130,ALK,M301I
131,EGFR,L747P
132,EGFR,T790M
139,EGFR,M277
141,ALK,P1260T
145,EGFR,G239C
146,EGFR,G598A
152,EGFR,D837N
161,BRAF,D594N
164,EGFR,L833M
169,JAK3,I430M
194,ABL1,R328K
198,ALK,R1214C
199,ALK,T648I
201,BRAF,L382F
202,ALK,P1466L
208,BRAF,L331F
214,JAK3,P31L
223,JAK3,E76K
228,BRAF,K601E
239,JAK3,R799C
243,ALK,S1487L
258,EGFR,A743T
260,ALK,P1551S
261,ALK,V972M
269,MET,P1153L
276,ABL1,I293M
282,EGFR,M971V
284,ALK,R28C
285,ALK,P599H
286,MET,R417G
289,ALK,K665T
292,BTK,Q343H
293,BTK,G259V
294,ABL1,I403T
295,EGFR,G719S
296,EGFR,E709K
310,ALK,L389F
313,EGFR,F381L
315,EGFR,G719A
323,ALK,R557C
336,EGFR,P637S
337,EGFR,P1019S
339,ABL1,Q300H
343,JAK3,P1093S
357,BRAF,P708S
358,BRAF,P321L
362,MET,D1101V
388,BRAF,H574Y
390,ABL1,A969T
403,EGFR,G221V
407,BRAF,D594G
408,ALK,K1079N
414,ALK,G129S
417,ALK,L566F
426,JAK3,R451Q
427,JAK3,T21M
429,CDK6,P199A
430,JAK3,L262R
434,MET,H476R
435,BRAF,A33T
436,BTK,R562Q
446,JAK3,S1124L
455,EGFR,S306L
456,EGFR,H870R
457,ALK,R809K
465,EGFR,H304Y
470,EGFR,R108K
471,EGFR,P589L
480,ABL1,G890E
482,EGFR,G901E
483,ALK,R292H
487,EGFR,L1139F
488,CDK6,S290F
496,JAK3,G491D
505,ALK,A699E
511,CDK6,D4N
512,BRAF,P367L
513,BRAF,R239Q
528,JAK3,D519E
535,ABL1,G839S
544,ALK,L165M
551,ALK,A1280V
552,ALK,Y361C
565,EGFR,R222C
566,EGFR,T446I
567,MET,R1327C
568,MET,T1381A
580,JAK3,E51D
583,ALK,G689W
584,MET,H633P
586,ALK,R395H
589,ALK,G410R
608,JAK3,P12S
609,BRAF,A33V
613,MET,F281L
614,ABL1,E409K
619,JAK3,P479T
622,MET,V55I
624,ALK,R291C
632,EGFR,Q217L
637,BRAF,G466V
639,BRAF,G466A
641,ALK,V827L
646,EGFR,V616L
647,BRAF,V168L
661,ALK,V834A
663,EGFR,M111T
668,JAK3,S340W
670,ALK,P1213H
673,JAK3,G460E
688,EGFR,F1207C
689,MET,S203Y
690,MET,L980V
691,BRAF,Y633C
692,BRAF,F294L
719,JAK3,E542K
720,JAK3,G284K
723,ALK,P1415S
730,EGFR,A237V
739,ABL1,P309S
747,ALK,G199S
748,BTK,W588C
752,EGFR,N103I
755,BRAF,G469V
760,EGFR,V689M
769,BTK,T465S
770,EGFR,G5A
778,MET,I1115T
779,ALK,E668K
785,JAK3,L339M
797,ALK,A206V
811,ABL1,T204M
812,EGFR,D761Y
814,BTK,E357Q
816,ALK,E297D
823,ABL1,G626S
833,BTK,S514L
839,JAK3,R445Q
841,EGFR,G911A
842,EGFR,M945I
849,ABL1,E3D
851,ALK,P679H
863,MET,S889C
864,EGFR,D303H
884,BTK,S453F
899,EGFR,L815F
900,MET,R461H
929,ALK,R412C
930,ALK,Y1330C
932,EGFR,D247N
933,BRAF,R252Q
937,BRAF,D594V
940,JAK3,R402H
959,MET,P1285S
960,BRAF,E715K
961,BRAF,G466E
963,JAK3,R40H
965,ALK,R1275Q
967,MET,S794F
971,ALK,H331R
976,MET,S170N
977,MET,A1057V
981,ALK,Q1146K
1006,CDK6,G5S
1013,EGFR,T263P
1014,EGFR,A289V
1015,EGFR,G598V
1018,EGFR,R932H
1019,MET,H888Q
1024,MET,P657S
1026,MET,G181E
1028,BRAF,V600K
1054,BRAF,R509Q
1055,MET,V1078M
1063,ALK,V1019I
1064,ALK,A585T
1066,ALK,E1154K
1071,EGFR,T725M
1072,EGFR,V774M
1081,JAK3,G908S
1098,JAK3,S398C
1103,ALK,D1417N
1107,EGFR,R252C
1111,ABL1,A34G
1112,JAK3,V97L
1119,EGFR,A955T
1121,BRAF,P25L
1129,EGFR,T854S
1138,ALK,C154F
1142,EGFR,I213M
1144,ABL1,E292D
1154,EGFR,R669Q
1155,ABL1,E509K
1160,JAK3,S15L
1163,BRAF,N581Y
1182,ABL1,R1016S
1192,EGFR,N1112S
1197,MET,S889F
1199,JAK3,Q932H
1200,ALK,N1497K
1202,BTK,D326Y
1203,BTK,R236Q
1210,ABL1,P903A
1212,BTK,V463I
1214,MET,H689L
1216,EGFR,L760P
1230,EGFR,G719C
1231,EGFR,S768I
1239,ALK,L376V
1241,ALK,I630M
1244,ALK,E1110D
1251,BRAF,R362L
1252,ABL1,L411P
1253,ALK,R1209Q
1263,MET,R1336W
1301,JAK3,V722A
1305,BTK,S14Y
1316,ALK,F441L
1325,EGFR,S447F
1327,ABL1,H564Y
1332,MET,V477G
1339,ALK,D525Y
1340,BRAF,K601N
1347,JAK3,V28L
1349,ABL1,N368D
1351,EGFR,N444I
1352,EGFR,D587N
1353,EGFR,H590Q
1355,ALK,T680I
1366,EGFR,S511Y
1372,EGFR,E709A
1374,ALK,R100S
1384,BTK,C154F
1389,JAK3,R984C
1393,EGFR,S350C
1410,BRAF,Q257H
1416,EGFR,R1052G
1420,EGFR,A289T
1422,ALK,R291P
1423,EGFR,R958H
1426,ALK,G452E
1434,EGFR,P1088S
1438,JAK3,I386M
1448,EGFR,V1010L
1462,MET,D127G
1464,ALK,V132L
1473,ALK,M1069L
1478,MET,D1030H
1479,ALK,A704D
1482,MET,Q171R
1507,BRAF,E501K
1508,ALK,R1347Q
1524,BRAF,R682W
1534,JAK3,I87V
1535,BTK,Y268N
1537,JAK3,Q1058R
1539,EGFR,C1049R
1541,BTK,Q196L
1544,EGFR,D1008Y
1548,MET,N635S
1554,EGFR,C595G
1559,EGFR,R252H
1561,ALK,G492C
1566,EGFR,T130I
1569,ABL1,G144E
1570,JAK3,F82L
1579,BTK,S572R
1585,ALK,A327P
1589,BRAF,S136P
1595,JAK3,E331K
1600,EGFR,E1137K
1603,EGFR,T363N
1606,BRAF,G469E
1609,ALK,P1215T
1614,EGFR,L62R
1623,EGFR,P596L
1629,EGFR,R222H
1632,ALK,F1174L
1640,EGFR,D1014V
1642,ALK,R557G
1643,BTK,L168F
1656,BRAF,Y472S
1659,ALK,F1245V
1662,ABL1,E1048K
1664,EGFR,R686S
1666,JAK3,V342L
1667,EGFR,C311R
1686,JAK3,S483F
1688,JAK3,P311L
1692,ALK,P835S
1694,ALK,S62L
1697,MET,S470L
1703,EGFR,E282D
1710,JAK3,T353K
1717,ABL1,K909N
1718,ABL1,G768R
1719,JAK3,P107T
1722,JAK3,A660P
1728,ALK,G1202E
1738,CDK6,G50D
1743,BRAF,E586K
1745,JAK3,A853S
1747,ALK,R41L
1750,EGFR,Q1106L
1752,ALK,P104S
1753,MET,M849I
1758,BRAF,G189C
1762,JAK3,E958K
1766,ALK,Q1482K
1768,BTK,S14P
1769,EGFR,C219G
1776,ALK,S430T
1783,EGFR,A17V
1792,ALK,E1460Q
1793,JAK3,W716R
1797,JAK3,R918C
1798,ALK,G2E
1809,CDK6,G165V
1820,EGFR,P794H
1823,ALK,V349I
1829,BRAF,D594Y
1843,EGFR,P1108L
1844,BRAF,T121I
1850,JAK3,A1068V
1859,ABL1,A870S
1860,ABL1,R1009L
1862,MET,T618M
1863,ABL1,R460H
1871,ALK,E405K
1875,BRAF,P343L
1880,ALK,P999H
1881,ALK,D605H
1884,ABL1,H724R
1886,ABL1,E675K
1891,JAK3,R219K
1899,JAK3,Q305P
1929,JAK3,G24A
1942,EGFR,H1124Q
1944,EGFR,A597T
1947,ALK,E343Q
1966,ABL1,R1095W
1969,EGFR,P622S
1970,ABL1,S1120L
1985,CDK6,E51K
1988,ALK,Q777R
1999,JAK3,L910S
2000,MET,S1040C
2006,ALK,V623M
2007,MET,R277T
2010,ALK,Q1177H
2016,BTK,G178W
2022,MET,P1008A
2027,JAK3,D922H
2039,EGFR,E1004K
2045,JAK3,R40C
2057,ALK,S430F
2058,ALK,G202R
2059,ALK,G159E
2074,MET,T1006I
2081,ABL1,G10S
2082,ABL1,G626D
2083,ABL1,P669L
2084,ABL1,G680D
2110,ALK,N884I
2115,EGFR,S925F
2140,JAK3,E960K
2141,ALK,G902E
2142,ALK,P948T
2154,EGFR,C775Y
2160,ALK,E949K
2165,EGFR,L747S
2178,ABL1,F681L
2179,BRAF,S614P
2180,EGFR,E330K
2183,ALK,G920D
2191,BTK,D224N
2193,BTK,P190Q
2198,ABL1,S663R
2200,MET,D972A
2209,ABL1,R1095Q
2213,ALK,E859D
2217,EGFR,C636W
2221,JAK3,L10M
2224,MET,E1172K
2233,ABL1,G254R
2242,CDK6,P199L
2248,JAK3,S1005F
2255,MET,S1122F
2271,EGFR,A1181P
2284,ALK,G432N
2292,BRAF,S125F
2296,JAK3,D661N
2320,ABL1,K658N
2323,MET,S1149I
2325,MET,Y1230S
2339,ABL1,R134H
2351,BRAF,L597Q
2352,BRAF,P367S
2355,BRAF,K601
2368,ALK,S1042A
2378,ALK,S604P
2404,EGFR,N466T
2405,MET,D1286G
2420,JAK3,E7D
2430,MET,T718I
2441,ABL1,E282Q
2444,BRAF,H725Y
2447,ALK,G893K
2449,JAK3,H463N
2450,BRAF,G606W
2455,EGFR,V765L
2457,ALK,G574M
2461,BRAF,L485W
2465,MET,E240K
2466,MET,S290F
2467,BRAF,W604G
2474,ALK,P1456H
2486,MET,S1075G
2487,EGFR,K860I
2488,ALK,G878S
2493,CDK6,D102N
2495,ABL1,N670S
2496,ALK,P475S
2507,BRAF,G596C
2526,JAK3,S20F
2532,MET,G1095R
2534,JAK3,Q56H
2564,MET,E906K
2572,EGFR,S492R
2574,JAK3,E371D
2584,JAK3,A1090T
2592,ALK,S737L
2611,EGFR,E26K
2612,EGFR,R932C
2638,JAK3,P793H
2639,JAK3,P664L
2640,JAK3,R657Q
2644,BTK,L452F
2650,BTK,P201L
2655,ALK,G22R
2656,EGFR,R675Q
2661,ALK,G932A
2667,BTK,A582G
2680,ABL1,R589H
2684,JAK3,L401V
2697,ABL1,P948L
2707,BTK,E108K
2708,ALK,R214H
2713,JAK3,F992S
2715,ALK,E1605V
2726,EGFR,R108G
2727,EGFR,T363I
2731,MET,F434I
2735,CDK6,Y170C
2741,ALK,T1310A
2742,ALK,G843R
2743,ALK,R259H
2756,BTK,R182W
2760,JAK3,I486M
2761,JAK3,L499F
2763,ALK,S295F
2768,EGFR,R977H
2780,ABL1,R738Q
2788,BRAF,R271H
2795,BRAF,L597P
2796,BRAF,L597V
2806,ALK,D732N
2810,MET,P366S
2814,BTK,H143Y
2821,MET,D1180Y
2834,ALK,P379S
2847,CDK6,R220C
2848,BRAF,R354Q
2858,JAK3,L412I
2878,JAK3,H232N
2887,ALK,A161V
2891,BRAF,A762V
2893,EGFR,E736K
2894,EGFR,E884K
2895,JAK3,V773F
2900,BRAF,G469R
2904,EGFR,K867T
2917,EGFR,P192S
2918,EGFR,P385L
2919,EGFR,E758K
2920,ABL1,P831L
2936,ALK,H281D
2960,JAK3,Y980N
2966,MET,S1032P
2973,MET,W1320C
2983,ALK,T697A
2992,ALK,A120V
2995,EGFR,D1152N
2996,BRAF,T310I
3002,BTK,Q363E
3021,EGFR,G779F
3024,JAK3,W81L
3036,CDK6,G165S
3042,JAK3,E601G
3046,CDK6,R87Q
3061,BRAF,T599I
3070,ALK,N764S
3083,BRAF,P345L
3090,MET,G937N
3092,BRAF,H539Y
3098,EGFR,L25V
3099,ABL1,E38D
3104,EGFR,E114K
3107,ABL1,K105N
3111,BRAF,V600R
3123,ALK,L560F
3127,ALK,G432V
3139,ALK,R472Q
3148,EGFR,T785S
3155,BRAF,T233P
3159,ABL1,G860C
3174,MET,N375K
3176,MET,T698F
3178,ALK,A29T
3180,ABL1,D1113G
3200,BRAF,G464E
3203,EGFR,F997L
3212,MET,G685E
3216,MET,E91K
3217,JAK3,E1106K
3230,BTK,P75A
3236,MET,L920F
3237,MET,V1359I
3246,ALK,R200K
3249,ABL1,T194I
3258,ALK,E465K
3261,MET,P628L
3264,JAK3,S44F
3265,ALK,M1273I
3270,ALK,A1440V
3273,EGFR,P100S
3274,ABL1,E453Q
3287,ALK,L63I
3293,BTK,E513Q
3302,BTK,P73L
3313,ALK,R1120W
3314,ALK,E314D
3335,BRAF,L312P
3366,ALK,G113C
3370,BRAF,L584F
3373,ALK,T325N
3376,EGFR,G485D
3377,MET,L1273P
3387,EGFR,R1199T
3410,ALK,P679S
3418,JAK3,G594E
3419,JAK3,A57S
3423,EGFR,R1068Q
3427,EGFR,V148M
3428,ALK,D1529N
3434,BTK,H126Y
3437,JAK3,G712V
3439,BRAF,S151A
3450,EGFR,S912A
3461,BRAF,I572F
3471,BRAF,G8V
3474,ALK,A462D
3484,MET,I1118T
3491,EGFR,E967K
3492,BRAF,Q201H
3496,ALK,R1231L
3500,EGFR,F359L
3501,MET,M995T
3507,EGFR,D166N
3508,EGFR,S286N
3509,BRAF,G69S
3518,JAK3,S355F
3526,ALK,M830I
3527,ALK,P542Q
3534,ALK,G977R
3536,ALK,F1052I
3541,EGFR,A1118S
3547,BTK,E45K
3549,BTK,E439K
3560,MET,H251P
3564,BTK,R520Q
3586,BRAF,R671Q
3589,BTK,F413L
3597,ALK,R1214H
3602,EGFR,G652R
3605,BRAF,L553R
3619,JAK3,R916W
3623,EGFR,A313S
3624,ALK,S1086L
3625,JAK3,R870Q
3627,ALK,D456G
3633,JAK3,R403H
3637,BRAF,F595I
3644,ALK,L774M
3650,EGFR,K642N
3673,MET,E1009K
3676,ALK,Q502H
3679,ALK,T246S
3684,EGFR,D368Y
3685,MET,D1002G
3686,ABL1,P760S
3692,EGFR,A289D
3695,EGFR,S177L
3696,ALK,P1418H
3703,ALK,G618E
3704,ALK,P254S
3713,EGFR,S1028L
3730,ALK,E1242K
3736,EGFR,R98Q
3741,ABL1,A28V
3742,EGFR,G63R
3779,EGFR,P694S
3780,BRAF,L505H
3787,MET,K305T
3798,MET,N382S
3808,EGFR,E545K
3835,EGFR,F1065L
3836,CDK6,K93T
3848,JAK3,T551A
3851,BTK,P265S
3865,MET,P1008S
3876,ALK,A112T
3878,BTK,D256G
3891,JAK3,D813Y
3906,EGFR,A24S
3912,JAK3,V217M
3918,EGFR,P877A
3919,BRAF,L525P
3924,MET,A320V
3940,MET,C584F
3941,ABL1,S915L
3961,ABL1,D77E
3966,EGFR,N623H
3981,JAK3,F711S
3988,MET,N202D
3990,EGFR,A755G
3996,BTK,S115Y
4004,MET,I1345T
4006,JAK3,A746P
4011,ALK,K313T
4015,BTK,M286I
4020,EGFR,M318I
4025,ABL1,I313T
4026,EGFR,G724S
4040,EGFR,V834L
4050,ALK,R179H
4052,EGFR,H773R
4054,ALK,G1137R
4057,MET,E549Q
4058,MET,E608D
4068,EGFR,A419V
4088,EGFR,D761N
4089,EGFR,V843I
4095,ABL1,T104I
4100,JAK3,S340L
4101,JAK3,R14C
4122,EGFR,P373L
4130,EGFR,N413K
4140,JAK3,G1101R
4141,EGFR,T1041A
4155,CDK6,E99D
4156,ABL1,E576Q
4157,JAK3,F358L
4161,BRAF,R558Q
4164,ABL1,P810L
4173,ABL1,R1021Q
4191,JAK3,R33W
4192,ALK,R1084C
4211,ABL1,A767T
4255,EGFR,D368N
4256,MET,S156L
4257,MET,L949R
4258,BRAF,K205N
4273,BTK,N451H
4274,BTK,K400N
4276,BRAF,L674Q
4278,MET,Y1230C
4284,BTK,R332C
4298,BTK,A312P
4299,EGFR,I445M
4323,MET,D1228N
4328,BRAF,E549Q
4338,MET,G671S
4348,EGFR,V308I
4349,BTK,A3T
4350,ALK,G1201R
4357,MET,S916P
4361,EGFR,S720F
4379,ALK,G931V
4380,EGFR,A13T
4405,EGFR,L707W
4413,EGFR,G601E
4414,MET,D1030Y
4415,ABL1,G863R
4425,EGFR,V441G
4429,MET,V1070A
4442,ALK,A29V
4449,ALK,R1181H
4457,JAK3,C227Y
4471,BRAF,P162S
4476,MET,R412C
4480,CDK6,R288G
4490,JAK3,R432H
4497,ALK,A3S
4508,MET,Y1230H
4509,MET,V1271M
4511,ALK,C272W
4516,ABL1,V824M
4519,EGFR,A127E
4528,MET,G334R
4529,ALK,V1019L
4551,EGFR,R776H
4552,BRAF,F247L
4556,BTK,E589K
4564,ALK,V712M
4574,EGFR,V592I
4579,ABL1,S75G
4592,BRAF,F595L
4593,EGFR,G322S
4605,EGFR,S198N
4606,MET,L949F
4607,MET,P1283S
4610,ABL1,V33I
4611,ABL1,S977N
4618,JAK3,G987D
4619,JAK3,V372M
4624,ALK,D508N
4628,MET,N399I
4633,BRAF,I554T
4644,MET,S336N
4645,EGFR,V292L
4646,MET,F931C
4647,MET,L934S
4655,MET,V188I
4658,JAK3,R222C
4659,EGFR,R138G
4662,ALK,G1585S
4664,EGFR,R677H
4672,JAK3,A178S
4678,JAK3,R1059S
4710,ALK,T1457A
4725,ALK,S1495F
4726,ALK,G715E
4727,ALK,E370K
4735,EGFR,P644S
4736,MET,R1382Q
4737,BRAF,S363F
4752,BTK,R492H
4784,ALK,D1232G
4786,ALK,P948L
4788,ALK,E570D
4795,JAK3,P791R
4805,ALK,G574R
4826,BRAF,S122Y
4839,ALK,H258Y
4840,ALK,D239G
4841,MET,Q20H
4846,BRAF,L65M
4851,MET,G694R
4858,JAK3,T533I
4860,BRAF,R360Q
4870,ALK,E172D
4877,EGFR,L747F
4881,MET,M1250T
4885,ALK,M1166T
4892,MET,G679R
4894,ALK,R1212C
4895,ALK,S77F
4898,MET,Y260H
4902,JAK3,G62S
4911,EGFR,T847S
4927,BTK,F114S
4929,ALK,E265K
4940,JAK3,R1103W
4945,BRAF,D594E
4947,MET,Y1365F
4950,ALK,L494V
4957,ALK,G562E
4960,MET,A869T
4961,MET,H979Y
4965,CDK6,A167V
4968,MET,M362L
4975,JAK3,A192V
4977,BRAF,G464V
4981,ALK,A1396T
4982,ALK,K1082R
4989,BTK,K185N
5000,MET,R413S
5007,BRAF,E45K
5017,EGFR,G588S
5019,EGFR,A750P
5020,MET,D123N
5029,BRAF,Q612R
5034,MET,G578E
5039,BRAF,K499E
5042,ABL1,G107D
5044,BTK,G173E
5046,ABL1,E1037K
5047,MET,S1141W
5058,ALK,A586T
5071,MET,E873K
5072,BRAF,S134F
5073,ALK,L1145M
5081,EGFR,Q1067L
5100,ALK,F1245I
5114,ALK,G382R
5119,EGFR,V536E
5121,BTK,P566Q
5122,ABL1,P580L
5125,BRAF,K483E
5129,EGFR,P1108R
5132,ABL1,A1102S
5134,EGFR,R776C
5138,BRAF,M117L
5139,EGFR,R962H
5141,ALK,G589D
5144,EGFR,P1136A
5145,ABL1,G807S
5152,EGFR,N1094Y
5153,BTK,C506F
5160,BRAF,G596R
5162,EGFR,T909I
5163,JAK3,G182R
5169,BRAF,L597R
5171,ALK,D1163H
5172,ALK,G89S
5173,ALK,D1160H
5174,MET,W1274C
5175,BTK,Y100F
5176,MET,G589E
5186,ALK,G818E
5192,ALK,G740R
5194,BTK,C464S
5196,MET,F16L
5198,JAK3,S880G
5201,MET,R469Q
5205,ALK,E804D
5211,EGFR,C31F
5212,ALK,G718A
5215,ALK,P675L
5222,MET,V892I
5228,BTK,V415A
5232,BRAF,G464R
5235,BRAF,W604L
5242,MET,S22N
5245,MET,A29V
5248,ALK,E663Q
5249,JAK3,G888D
5250,ALK,K330E
5253,EGFR,A118V
5254,ABL1,V722I
5258,ALK,I801M
5260,ABL1,E329D
5264,BTK,L358V
5266,JAK3,R223C
5268,JAK3,V836M
5271,ABL1,E466D
5272,ABL1,S998F
5276,JAK3,D863N
5278,ABL1,L562V
5287,ABL1,H95Y
5291,ALK,A1200V
5308,ABL1,I418M
5309,BTK,P99T
5310,BTK,R255P
5314,MET,H1094Y
5322,ALK,R753Q
5328,JAK3,S789A
5333,ALK,R860K
5334,ALK,P729L
5353,EGFR,G63E
5354,EGFR,D393N
5355,MET,G507R
5357,ABL1,P526S
5358,ABL1,P783L
5371,JAK3,P689S
5372,JAK3,P291L
5383,JAK3,Q305V
5385,JAK3,V97A
5386,BTK,E488K
5391,BRAF,S467L
5397,BRAF,G11S
5399,EGFR,A972V
5403,ABL1,I604N
5410,ALK,I1116T
5417,EGFR,T274A
5419,BRAF,A27T
5420,ABL1,G837R
5425,ALK,E1409D
5426,ALK,E663V
5446,BTK,E88K
5453,ABL1,G701C
5455,ALK,P729S
5461,JAK3,R741W
5467,ALK,R133L
5469,MET,F736L
5474,ABL1,G1107D
5480,ALK,A624T
5491,ALK,D282Y
5500,BTK,R82I
5505,BTK,P101H
5509,ALK,A690T
5511,BRAF,D40Y
5517,ALK,P1297T
5524,ALK,V1465A
5525,JAK3,P151T
5528,BTK,R492C
5531,BTK,L32V
5532,EGFR,L619M
5538,CDK6,P74S
5539,BRAF,P318L
5540,ABL1,R1013W
5543,BRAF,T241M
5545,ALK,E1299Q
5547,JAK3,A171S
5548,ALK,K1454N
5550,ALK,V59M
5552,ALK,P357L
5564,BRAF,F583C
5567,MET,R426C
5582,MET,P325H
5584,ALK,G1100C
5585,ALK,S1614R
5626,ABL1,E258A
5629,ALK,S78W
5632,BTK,L222F
5636,ABL1,K15M
5644,BTK,D308N
5647,ABL1,Q950R
5648,MET,G672D
5649,ALK,K1610R
5652,ALK,Q167L
5684,ABL1,R674W
5685,BTK,D239Y
5688,ALK,S114L
5695,EGFR,A1201V
5696,MET,A347T
5697,MET,S851P
5707,BRAF,R603Q
5711,ALK,F255L
5722,MET,G1346W
5739,JAK3,R775H
5742,BRAF,S727T
5747,ABL1,T277I
5752,JAK3,G861R
5756,EGFR,P622A
5763,EGFR,S1070T
5765,JAK3,E739K
5781,BRAF,D352H
5784,JAK3,S355C
5804,ALK,R1436H
5806,ABL1,G924E
5813,JAK3,R33L
5821,MET,D1380N
5826,JAK3,R613Q
5827,JAK3,E525K
5842,ALK,I805N
5843,ALK,T25I
5852,ALK,C95Y
5858,MET,P351S
5859,ABL1,V875M
5860,ABL1,R877K
5866,MET,W556R
5867,BRAF,S116P
5872,EGFR,A882T
5882,MET,P657L
5885,MET,I583L
5898,BRAF,W531S
5902,JAK3,L485M
5907,EGFR,P373S
5919,ABL1,S882C
5920,ALK,D954N
5926,BRAF,D352Y
5928,BRAF,D385N
5929,BRAF,G469S
5939,ALK,P1578S
5940,ALK,R1231Q
5947,ALK,E182K
5951,EGFR,L833
5953,ALK,S15Y
5961,EGFR,R138I
5962,BRAF,R389C
5967,JAK3,R478I
5968,BTK,P340H
5969,BTK,N130H
5971,EGFR,H773
5974,ABL1,T743M
5976,BTK,S180Y
5982,ABL1,W235L
5989,EGFR,D1083G
5990,BRAF,P422A
5993,ABL1,S187F
5998,JAK3,T496I
5999,BTK,E605K
6005,MET,R359Q
6013,JAK3,N778S
6023,ABL1,K1080T
6026,MET,S468Y
6033,JAK3,L389H
6037,ALK,P336Q
6043,EGFR,Q787L
6047,BRAF,P492T
6051,ALK,P1027L
6061,ALK,A509V
6065,BRAF,P341T
6078,BTK,P597S
6081,EGFR,S229C
6084,EGFR,D537V
6086,MET,G679E
6088,EGFR,Y1069C
6091,ALK,D282N
6094,ABL1,L1063H
6102,ALK,P542L
6106,EGFR,V660M
6107,CDK6,R168H
6117,EGFR,M600I
6124,ALK,D642Y
6127,ALK,V526F
6133,EGFR,E746
6135,ABL1,P961L
6139,EGFR,D1009Y
6165,BRAF,S602Y
6170,BTK,L452I
6171,JAK3,R121H
6172,ABL1,E675A
6176,JAK3,T714M
6189,ALK,R395C
6194,ALK,S670L
6196,MET,R1336Q
6198,ALK,V142M
6199,ALK,S1020C
6200,BRAF,H725Q
6207,MET,E355Q
6208,ALK,K852E
6222,BTK,K186M
6224,BRAF,S428L
6229,ABL1,E431G
6241,BTK,R46C
6245,CDK6,S290C
6248,EGFR,V323I
6249,EGFR,E317D
6252,EGFR,N1107K
6255,ALK,S553F
6259,ABL1,V797I
6283,MET,E1275K
6288,ALK,T535I
6295,MET,Y1003C
6301,EGFR,G1185S
6316,JAK3,E1069K
6325,MET,T647A
6326,MET,I1071V
6345,EGFR,L469V
6347,ABL1,V67I
6373,BRAF,A31T
6382,BRAF,P403L
6392,ALK,E713K
6400,ALK,H1228Y
6407,EGFR,G33N
6412,MET,S233F
6419,CDK6,R214C
6424,JAK3,V963I
6440,EGFR,S1096F
6445,MET,P804F
6446,MET,T1126I
6454,ABL1,M496I
6460,ALK,G428A
6464,ALK,P43S
6474,MET,E221K
6475,BRAF,G518A
6482,ALK,T901A
6483,ALK,N232S
6502,EGFR,A1000V
6503,MET,E746G
6504,MET,R958I
6507,ABL1,P32S
6508,ABL1,R516C
6530,BRAF,N412S
6533,BTK,D308Y
6535,BRAF,N236K
6536,EGFR,S768
6538,ALK,S895Y
6552,EGFR,V398I
6553,MET,E355K
6554,MET,R1301I
6555,BRAF,Q356K
6562,JAK3,F602S
6565,BTK,P560T
6589,JAK3,Y1018H
6594,BTK,A272T
6610,BRAF,T332I
6613,JAK3,A1090D
6628,BRAF,F109I
6630,BRAF,L577I
6644,MET,L329I
6645,ABL1,N812T
6652,ALK,E1605K
6659,ALK,H904Q
6660,JAK3,Q988P
6661,JAK3,R657W
6669,ALK,G1304E
6673,ABL1,R483W
6674,BTK,C481R
6692,BTK,C481S
6698,EGFR,A647T
6719,BTK,F574S
6722,ALK,R184Q
