species,kinase,pdb,alt,chain,orthosteric_PDB,allosteric_PDB,rmsd1,rmsd2,pocket,resolution,missing_residues,missing_atoms,full_ifp,fp_i,fp_ii,bp_i_a,bp_i_b,bp_ii_in,bp_ii_a_in,bp_ii_b_in,bp_ii_out,bp_ii_b,bp_iii,bp_iv,bp_v
Human,ABL1,4twp, ,B,AXI,-,0.781,2.138,HKLGGGQYGEVYEVAVKTLEFLKEAAVMKEIKPNLVQLLGVYIIIEFMTYGNLLDYLREYLEKKNFIHRDLAARNCLVVADFGLS,2.4,0,0,0000000000000010000001000000000000000000000000000101000000000000000000100000000000000000000000000010000000000000100100000000000000000000000000000000000000000000000000000000000000000000000000000000000000000000000000000000000000000000000000000000000000000000000000000000000000000000000000000000000000000000000010000000000100110000010010001000000100000010000000000000000000000000000000000000000000000000000000000000000000000000000000000000000000000000000000000000000000000000000000000000000000000000000000000000000000000010000000000000100000000000000000000100000010000000000000000000000000000000000,1,0,0,0,0,0,0,0,0,0,0,0
Human,ABL1,3ue4, ,A,DB8,-,0.851,2.109,HKLGGGQYGEVYEVAVKTLEFLKEAAVMKEIKPNLVQLLGVYIITEFMTYGNLLDYLREYLEKKNFIHRDLAARNCLVVADFGLS,2.42,0,11,0000000000000010000000000000000000000000000000000000000000000000000000100000000000000000000000000010000001000000100000000000000000000000000000000000000000000000000000000000000000000000000001000000000000000000000000000000000000000000000000000000010000000000000000000000000000000000000000000000001000000100000010000000000000100000010010001000000100000010000000000000000000000000000000000000000000000000000000000000000000000000000000000000000000000000000000000000000000000000000000000000000000000000000000000000000000000000000000000000100000000000000000000100000000000001010000000000000000000000000,0,0,1,1,0,0,0,0,0,0,0,0
Human,ABL1,3cs9,A,C,NIL,-,0.916,2.277,HKLGGGQYGEVYEVAVKTLEFLKEAAVMKEIKPNLVQLLGVYIITEFMTYGNLLDYLREYLEKKNFIHRDLAARNCLVVADFG__,2.21,2,0,0000000000000010000000000000000000000000000000000101000000000000000000100000000000000000000000000010000001000000100000000000000000000000000000000000000000100000010001000000000000000010000001000000000000000000001000000000000000000000000000100000010000000000000000000000000000000000000000000000001000000000000010001000000000110000010010000000000000000010000000000000000000000000000000000000000000000000000000000000000000001000000000000000000000000000000000010100000000000100000000000000000000000000000000000000000000000000000000000000100000000000001000000100000010010001010000000000000000000000000,0,0,1,1,0,0,0,1,0,1,0,1
Human,ABL1,2hz4, ,B,4ST,-,0.78,1.968,HKLG_____EVYEVAVKTLEFLKEAAVMKEIKPNLVQLLGVYIITEFMTYGNLLDYLREYLEKKNFIHRDLAARNCLVVADFGLS,2.8,5,0,0000000000000010000000000000000000000000000000000000000000000000000000100000000000000000000000000010000000000000100000000000000000000000000000000000000000000000000000000000000000000000000000000000000000000000000000000000000000000000000000000000010000000000000000000000000000000000000000000000000000000000000000000000000100100000010010000000000000000010000001000000000000000000000000000000000000000000000000000000000000000000000000000000000000000000000000000000000000000000000000000000000000000000000000000000000100010010000000000000100000000000000000000000000010000000000000000000000000000000000,0,0,0,0,0,0,0,0,0,0,0,0
Human,ABL1,2g2h, ,B,P16,-,0.863,2.14,HKLGGGQYGEVYEVAVKTLEFLKEAAVMKEIKPNLVQLLGVYIITEFMTYGNLLDYLREYLEKKNFIHRDLAARNCLVVADFGLS,2,0,0,0000000000000010000000000000000000000000000000000100000000000000000000100000000000000000000000000010000001000000100000000000000000000000000000000000000000000000010000000000000000000000000001000000000000000000000000000000000000000000000000000000010000000000000000000000000000000000000000000000001000000000000010000001000000110000010011000000000000000010000000000000000000000000000000000000000000000000000000000000000000000000000000000000000000000000000000000000000000000000000000000000000000000000000000000000000000000000000000000000100000000000000000000100000010000001010000000000000000000000000,0,0,1,1,0,0,0,0,0,0,0,0
Human,ABL1,3pyy,B,A,STI,3YY,0.931,2.324,HKLGGGQYGEVYEVAVKTLEFLKEAAVMKEIKPNLVQLLGVYIITEFMTYGNLLDYLREYLEKKNFIHRDLAARNCLVVADFGLS,1.85,0,0,0000000000000010000000000000000000000000000000000101000000000000000000100000000000000000000000000010000001000000100000000000000000000000000000000000000000000000010001000000000000000010000001000000000000000000001000000000000000000000000000000000010000000000000000000000000000000000000000000000001000000000000010001000000000110000010010000000000000000010000000000000000000000000000000000000000000000000000000000000000000000000000000000000000000000000000000010000001000100100000010000000000000000000000000000000000000000000000000000000100000000000000000000100000010010001010000000000000000000000000,0,0,1,1,0,0,0,1,0,0,1,0
Human,ABL1,3qri,B,A,919,-,0.928,2.279,HKLGGGQYGEVYEVAVKTLEFLKEAAVMKEIKPNLVQLLGVYIITEFMTYGNLLDYLREYLEKKNFIHRDLAARNCLVVADFGLS,2.1,0,0,0000000000000010000000000000000000000000000000000000000000000000000000100000000000000000000000000010000000000000100000000000000000000100000000000000000000000000010001000000000000000010000001000000000000000000001000000000000000000000000000100000010000000000000000000000000000000000000000000000001000000000000010000001000000100000010011001000000000000010000000000000000000000000000000000000000000000000000000000000000000001000000000000000000000000000000000010000000000000100000000000000000000000000000000000000000000000000000000000000100000000000001000000100000010010001010000100000000000000000000,0,0,0,1,0,0,0,1,0,1,0,1
Human,ABL1,2gqg,A,A,1N1,-,0.781,2.127,HKLGGGQYGEVYEVAVKTLEFLKEAAVMKEIKPNLVQLLGVYIITEFMTYGNLLDYLREYLEKKNFIHRDLAARNCLVVADFGLS,2.4,0,0,0000000000000010000000000000000000000000000000000000000000000000000000100000000000000000000000000010000001000000100000000000000000000000000000000000000000000000010000000000000000000000000001000000000000000000000000000000000000000000000000000000010000000000000000000000000000000000000000000000001000000000000010001000000000110000010011001000000100000010000000000000000000000000000000000000000000000000000000000000000000000000000000000000000000000000000000000000000000000000000000000000000000000000000000000000000000000000000000000000100000000000000000000100000000000000000000000000000000000000000,0,0,1,1,0,0,0,0,0,0,0,0
Human,ABL1,4wa9, ,A,AXI,-,0.862,2.189,HKLGGGQYGEVYEVAVK____________EIKPNLVQLLGV_IITEFMTYGNLLDYLREYLEKKNFIHRDLAARNCLVVADFGLS,2.2,13,4,0000000000000010000000000000000000000000000000000101000000000000000000100000000000000000000000000010000000000000100000000000000000000000000000000000000000000000000000000000000000000000000000000000000000000000000000000000000000000000000000000000000000000000000000000000000000000000000000000000000000000000000000000000000100110000010010001000000100000010000000000000000000000000000000000000000000000000000000000000000000000000000000000000000000000000000000000000000000000000000000000000000000000000000000000000000000000010000000000000100000000000000000000100000000000001010000000000000000000000000,1,0,0,0,0,0,0,0,0,0,0,0
Human,ABL1,2v7a, ,B,627,-,0.787,2.095,HKLGGGQYGEVYEVAVKTLEFLKEAAVMKEIKPNLVQLLGVYIIIEFMTYGNLLDYLREYLEKKNFIHRDLAARNCLVVADFGLS,2.5,0,0,0000000000000010000000000000100000010000000000000000000000000000000000100000000000000000000000000010000000000000100100000000000000000000000000000000000000000000000000000000000000000000000000000000000000000000000000000000000000000000000000000000000000000000000000000000000000000000000000000000000000000000000010000000000100110000010011001000000100000010000001000000000000000000000000000000000000000000000000000000000000000000000000000000000000000000000000000000000000000000000000000000000000000000000000000000000100000010000000000000100000000000000000000100000010000000000000000000000000000000000,1,0,0,0,0,0,0,0,0,0,0,0
Human,ABL1,2hyy, ,C,STI,-,0.93,2.286,HKLGGGQYGEVYEVAVKTLEFLKEAAVMKEIKPNLVQLLGVYIITEFMTYGNLLDYLREYLEKKNFIHRDLAARNCLVVADFGLS,2.4,0,8,0000000000000010000000000000000000000000000000000101000000000000000000100000000000000000000000000010000001000000100000000000000000000000000000000000000000000000010001000000000000000010000001000000000000000000001000000000000000000000000000000000010000000000000000000000000000000000000000000000001000000000000010001000000000101000010010000000000000000010000000000000000000000000000000000000000000000000000000000000000000000000000000000000000000000000000000010000001000100100000010000000000000000000000000000000000000000000000000000000100000000000000000000100000010010001010000000000000000000000000,0,0,1,1,0,0,0,1,0,0,1,0
Human,ABL1,2hz0,B,B,GIN,-,0.923,2.167,HKL______EVYEVAVKTLEFLKEAAVMKEIKPNLVQLLGVYIITEFMTYGNLLDYLREYLEKKNFIHRDLAARNCLVVADFGL_,2.1,7,14,0000000000000010000000000000000000000000000000000000000000000000000000100000000000000000000000000010000001000000100000000000000000000000000000000000000000000000010001000000000000000010000001000000000000000000001000000000000000000000000000100000010000000000000000000000000000000000000000000000001000000000000010000000000100100000000010000000000000000000000000000000000000000000000000000000000000000000000000000000000000001000000000000000000000000000000000010000001000000100000000000000000000000000000000000000000000000000000000000000100000000000001000000100000010010001010000000000000000000000000,0,0,0,1,0,0,0,1,0,1,1,0
Human,ABL1,2gqg,B,B,1N1,-,0.784,2.113,HKLGGGQYGEVYEVAVKTLEFLKEAAVMKEIKPNLVQLLGVYIITEFMTYGNLLDYLREYLEKKNFIHRDLAARNCLVVADFGLS,2.4,0,0,0000000000000010000000000000000000000000000000000100000000000000000000100000000000000000000000000010000001000000100000000000000000000000000000000000000000000000010000000000000000000000000001000000000000000000000000000000000000000000000000000000010000000000000000000000000000000000000000000000001000000000000010001001000000110000010011001000000100010010000000000000000000000000000000000000000000000000000000000000000000000000000000000000000000000000000000000000000000000000000000000000000000000000000000000000000000000000000000000000100000000000000000000100000000000001000000000000000000000000000,0,0,1,1,0,0,0,0,0,0,0,0
Human,ABL1,3pyy,A,B,STI,3YY,0.936,2.303,HKLGGGQYGEVYEVAVKTLEFLKEAAVMKEIKPNLVQLLGVYIITEFMTYGNLLDYLREYLEKKNFIHRDLAARNCLVVADFG__,1.85,2,3,0000000000000010000000000000000000000000000000000101000000000000000000100000000000000000000000000010000001000000100000000000000000000000000000000000000000000000010001000000000000000010000001000000000000000000001000000000000000000000000000000000010000000000000000000000000000000000000000000000001000000000000010001000000000110000010010000000000000000010000000000000000000000000000000000000000000000000000000000000000000000000000000000000000000000000000000010000001000100100000010000000000000000000000000000000000000000000000000000000100000000000000000000100000010010001010000000000000000000000000,0,0,1,1,0,0,0,1,0,0,1,0
Human,ABL1,3pyy,A,A,STI,3YY,0.931,2.324,HKLGGGQYGEVYEVAVKTLEFLKEAAVMKEIKPNLVQLLGVYIITEFMTYGNLLDYLREYLEKKNFIHRDLAARNCLVVADFGLS,1.85,0,0,0000000000000010000000000000000000000000000000000101000000000000000000100000000000000000000000000010000001000000100000000000000000000000000000000000000000000000010001000000000000000010000001000000000000000000001000000000000000000000000000000000010000000000000000000000000000000000000000000000001000000000000010001000000000110000010010000000000000000010000000000000000000000000000000000000000000000000000000000000000000000000000000000000000000000000000000010000001000100100000010000000000000000000000000000000000000000000000000000000100000000000000000000100000010010001010000000000000000000000000,0,0,1,1,0,0,0,1,0,0,1,0
Human,ABL1,4wa9, ,B,AXI,-,0.867,2.153,HKLGGGQYGEVYEVAVKTLEFLKEAAVMKEIKPNLVQLLGVYIITEFMTYGNLLDYLREYLEKKNFIHRDLAARNCLVVADFGLS,2.2,0,0,0000000000000010000001000000000000000000000000000101010000000000000000100000000000000000000000000010000000000000100100000000000000000000000000000000000000000000000000000000000000000000000000000000000000000000000000000000000000000000000000000000000000000000000000000000000000000000000000000000000000000000000000000000000100101000010010001000000000000010000000000000000000000000000000000000000000000000000000000000000000000000000000000000000000000000000000000000000000000000000000000000000000000000000000000000000000000010000000000000100000000000000000000100000000000001110000000000000000000000000,1,0,0,0,0,0,0,0,0,0,0,0
Human,ABL1,2fo0, ,A,P16,-,0.836,2.136,HKLGGGQYGEVYEVAVKTLEFLKEAAVMKEIKPNLVQLLGVYIITEFMTYGNLLDYLREYLEKKNFIHRNLAARNCLVVADFGLS,2.27,0,0,0000000000000010000000000000000000000000000000000100000000000000000000100000000000000000000000000010000001000000100000000000000000000000000000000000000000000000010000000000000000000000000001000000000000000000000000000000000000000000000000000000010000000000000000000000000000000000000000000000001000000000000010000001000000101000010011000000000000000010000000000000000000000000000000000000000000000000000000000000000000000000000000000000000000000000000000000000000000000000000000000000000000000000000000000000000000000000000000000000100000000000000000000100000010000001000000000000000000000000000,0,0,1,1,0,0,0,0,0,0,0,0
Human,ABL1,3cs9,A,B,NIL,-,0.937,2.245,HKLGGGQYGEVYEVAVKTLEFLKEAAVMKEIKPNLVQLLGVYIITEFMTYGNLLDYLREYLEKKNFIHRDLAARNCLVVADFG__,2.21,2,0,0000000000000010000000000000000000000000000000000101000000000000000000100000000000000000000000000010000001000000100000000000000000000000000000000000000000100000010001000000000000000010000001000000000000000000001000000000000000000000000000100000010000000000000000000000000000000000000000000000001000000000000010001000000000101000010010000000000000000010000000000000000000000000000000000000000000000000000000000000000000001000000000000000000000000000000000000000000000000100000000000000000000000000000000000000000000000000000000000000100000000000001000000100000010010001010000000000000000000000000,0,0,1,1,0,0,0,1,0,1,0,1
Human,ABL1,2f4j, ,A,VX6,-,0.779,2.128,HKLGGGQYGEVYEVAVKTLEFLKEAAVMKEIKPNLVQLLGVYIITEFMTYGNLLDYLREYLEKKNFIHRDLAARNCLVVADFGLS,1.91,0,0,0000000000000010000001000000000000000000000000000110000000000000000000100000000000000000000000000010000000000000100000000000000000000000000000000000000000000000010000000000000000000000000001000000000000000000000000000000000000000000000000000000010000000000000000000000000000000000000000000000001000000000000010010000000000110000010001001000000100000010000000000000000000000000000000000000000000000000000000000000000000000000000000000000000000000000000000000000000000000000000000000000000000000000000000000000000000000000000000000000100000000000000000000000000010001000000000000000000000000000000,0,0,0,1,0,0,0,0,0,0,0,0
Human,ABL1,3ue4, ,B,DB8,-,0.841,2.022,HKLGGG__GEVYEVAVKTLEFLKEAAVMKEIKPNLVQLLGVYIITEFMTYGNLLDYLREYLEKKNFIHRDLAARNCLVVADFGLS,2.42,2,0,0000000000000010000000000000000000000000000000000000000000000000000000100000000000000000000000000010000001000000100000000000000000000000000000000000000000000000000000000000000000000000000001000000000000000000000000000000000000000000000000000000010000000000000000000000000000000000000000000000001000000100000010000001000000100000010010001000000100000010000000000000000000000000000000000000000000000000000000000000000000000000000000000000000000000000000000000000000000000000000000000000000000000000000000000000000000000000000000000000100000000000000000000100000000000001010000000000000000000000000,0,0,1,1,0,0,0,0,0,0,0,0
Human,ABL1,2g2i, ,B,ADP,-,0.791,1.955,HKLGG____EVYEVAVKTLEFLKEAAVMKEIKPNLVQLLGVYIITEFMTYGNLLDYLREYLEKKNFIHRDLAARNCLVVADFGLS,3.12,4,0,0000000000000010000001000000000000000000000000000000000000000000000000100000000000000000000000000010000000000000000000000000000000000000000000000000000000000000000000000000000000000000000000000000000000000000000000000000000000000000000000000000000000000000000000000000000000000000000000000000000000000000000000000000000100101000010010000000000000000000000000001000000000000000000000000000000000000000000000000000000000000000000000000000000000000000000000000000000000000000000000000000000000000000000000000000000000000000000000000000100000000000000000000000000000000000000000000000000000000000000,0,0,0,0,0,0,0,0,0,0,0,0
Human,ABL1,2e2b, ,B,406,-,0.918,2.302,HKLGGGQYGEVYEVAVKTLEFLKEAAVMKEIKPNLVQLLGVYIITEFMTYGNLLDYLREYLEKKNFIHRDLAARNCLVVADFGLS,2.2,0,0,0000000000000010000000000000000000000000000000000101000000000000000000100000000000000000000000000010000001000000100000000000000000000000000000000000000000000000010001000000000000000010000001000000000000000000001000000000000000000000000000100000010000000000000000000000000000000000000000000000001000000000000010001000000000110000010010000000000000000010000000000000000000000000000000000000000000000000000000000000000000001000000000000000000000000000000000010000001000100100010010000000000000000000000000000000000000000000000000000000100000000000001000000100000010010001010000000000000000000000000,0,0,1,1,0,0,0,1,0,1,1,0
Human,ABL1,3qri,A,A,919,-,0.928,2.279,HKLGGGQYGEVYEVAVKTLEFLKEAAVMKEIKPNLVQLLGVYIITEFMTYGNLLDYLREYLEKKNFIHRDLAARNCLVVADFGLS,2.1,0,0,0000000000000010000000000000000000000000000000000000000000000000000000100000000000000000000000000010000000000000100000000000000000000100000000000000000000000000010001000000000000000010000001000000000000000000001000000000000000000000000000100000010000000000000000000000000000000000000000000000001000000000000010000001000000100000010011001000000000000010000000000000000000000000000000000000000000000000000000000000000000001000000000000000000000000000000000010000000000000100000000000000000000000000000000000000000000000000000000000000100000000000001000000100000010010001010000100000000000000000000,0,0,0,1,0,0,0,1,0,1,0,1
Human,ABL1,4twp, ,A,AXI,-,0.779,2.141,HKLGGGQYGEVYEVAVKTLEFLKEAAVMKEIKPNLVQLLGVYIIIEFMTYGNLLDYLREYLEKKNFIHRDLAARNCLVVADFGLS,2.4,0,0,0000000000000010000001000000000000000000000000000101110000000000000000100000000000000000000000000010000000000000100100000000000000000000000000000000000000000000000000000000000000000000000000000000000000000000000000000000000000000000000000000000000000000000000000000000000000000000000000000000000000000000000010000000000100110000010010001000000100000010000000000000000000000000000000000000000000000000000000000000000000000000000000000000000000000000000000000000000000000000000000000000000000000000000000000000000000000010000000000000100000000000000000000100000010000000000000000000000000000000000,1,0,0,0,0,0,0,0,0,0,0,0
Human,ABL1,2hz0,A,A,GIN,-,0.94,2.336,HKLGGGQYGEVYEVAVKTLEFLKEAAVMKEIKPNLVQLLGVYIITEFMTYGNLLDYLREYLEKKNFIHRDLAARNCLVVADFGLS,2.1,0,1,0000000000000010000000000000000000000000000000000000000000000000000000100000000000000000000000000010000001000000100000000000000000000000000000000000000000000000010001000000000000000010000001000000000000000000001000000000000000000000000000100000010000000000000000000000000000000000000000000000001000000000000010000000000100100000010010000000000000000000000000000000000000000000000000000000000000000000000000000000000000001000000000000000000000000000000000010000001000000100000000000000000000000000000000000000000000000000000000000000100000000000001000000100000010010001010000000000000000001000000,0,0,0,1,0,0,0,0,0,1,1,0
Human,ABL1,2hz0,B,A,GIN,-,0.94,2.336,HKLGGGQYGEVYEVAVKTLEFLKEAAVMKEIKPNLVQLLGVYIITEFMTYGNLLDYLREYLEKKNFIHRDLAARNCLVVADFGLS,2.1,0,1,0000000000000010000000000000000000000000000000000000000000000000000000100000000000000000000000000010000001000000100000000000000000000000000000000000000000000000010001000000000000000010000001000000000000000000001000000000000000000000000000100000010000000000000000000000000000000000000000000000001000000000000010000000000100100000010010000000000000000000000000000000000000000000000000000000000000000000000000000000000000001000000000000000000000000000000000010000001000000100000000000000000000000000000000000000000000000000000000000000100000000000001000000100000010010001010000000000000000001000000,0,0,0,1,0,0,0,0,0,1,1,0
Human,ABL1,3cs9,B,D,NIL,-,0.932,2.306,HKLGGGQYGEVYEVAVKTLEFLKEAAVMKEIKPNLVQLLGVYIITEFMTYGNLLDYLREYLEKKNFIHRDLAARNCLVVADFGLS,2.21,0,4,0000000000000010000000000000000000000000000000000101000000000000000000100000000000000000000000000010000001000000100000000000000000000000000000000000000000100000010001000000000000000010000001000000000000000000001000000000000000000000000000100000010000000000000000000000000000000000000000000000001000000000000010001000000000110000010010000000000000000010000000000000000000000000000000000000000000000000000000000000000000001000000000000000000000000000000000010100000000000100000000000000000000000000000000000000000000000000000000000000100000000000001000000100000010010001010000000000000000000000000,0,0,1,1,0,0,0,1,0,1,0,1
Human,ABL1,2gqg,B,A,1N1,-,0.781,2.127,HKLGGGQYGEVYEVAVKTLEFLKEAAVMKEIKPNLVQLLGVYIITEFMTYGNLLDYLREYLEKKNFIHRDLAARNCLVVADFGLS,2.4,0,0,0000000000000010000000000000000000000000000000000000000000000000000000100000000000000000000000000010000001000000100000000000000000000000000000000000000000000000010000000000000000000000000001000000000000000000000000000000000000000000000000000000010000000000000000000000000000000000000000000000001000000000000010001000000000110000010011001000000100000010000000000000000000000000000000000000000000000000000000000000000000000000000000000000000000000000000000000000000000000000000000000000000000000000000000000000000000000000000000000000100000000000000000000100000000000000000000000000000000000000000,0,0,1,1,0,0,0,0,0,0,0,0
Human,ABL1,3qri,B,B,919,-,0.926,2.283,HKLGGGQYGEVYEVAVKTLEFLKEAAVMKEIKPNLVQLLGVYIITEFMTYGNLLDYLREYLEKKNFIHRDLAARNCLVVADFGLS,2.1,0,3,0000000000000010000000000000000000000000000000000000000000000000000000100000000000000000000000000010000000000000100000000000000000000100000000000000000000000000010001000000000000000010000001000000000000000000001000000000000000000000000000100000010000000000000000000000000000000000000000000000001000000000000010000001000000100000010011001000000000000010000000000000000000000000000000000000000000000000000000000000000000001000000000000000000000000000000000010000000000000100000000000000000000000000000000000000000000000000000000000000100000000000001000000100000010010001010000100000000000000000000,0,0,0,1,0,0,0,1,0,1,0,1
Human,ABL1,3cs9,B,A,NIL,-,0.927,2.302,HKLGGGQYGEVYEVAVKTLEFLKEAAVMKEIKPNLVQLLGVYIITEFMTYGNLLDYLREYLEKKNFIHRDLAARNCLVVADFGLS,2.21,0,0,0000000000000010000000000000000000000000000000000101000000000000000000100000000000000000000000000010000001000000100000000000000000000000000000000000000000100000010001000000000000000010000001000000000000000000001000000000000000000000000000100000010000000000000000000000000000000000000000000000001000000000000010001000000000110000010010000000000000000010000000000000000000000000000000000000000000000000000000000000000000001000000000000000000000000000000000010100000000000100000000000000000000000000000000000000000000000000000000000000100000000000001000000100000010010001010000000000000000000000000,0,0,1,1,0,0,0,1,0,1,0,1
Human,ABL1,2hz0,A,B,GIN,-,0.923,2.167,HKL______EVYEVAVKTLEFLKEAAVMKEIKPNLVQLLGVYIITEFMTYGNLLDYLREYLEKKNFIHRDLAARNCLVVADFGL_,2.1,7,14,0000000000000010000000000000000000000000000000000000000000000000000000100000000000000000000000000010000001000000100000000000000000000000000000000000000000000000010001000000000000000010000001000000000000000000001000000000000000000000000000100000010000000000000000000000000000000000000000000000001000000000000010000000000100100000000010000000000000000000000000000000000000000000000000000000000000000000000000000000000000001000000000000000000000000000000000010000001000000100000000000000000000000000000000000000000000000000000000000000100000000000001000000100000010010001010000000000000000000000000,0,0,0,1,0,0,0,1,0,1,1,0
Human,ABL1,2hyy, ,D,STI,-,0.918,2.3,HKLGGGQYGEVYEVAVKTLEFLKEAAVMKEIKPNLVQLLGVYIITEFMTYGNLLDYLREYLEKKNFIHRDLAARNCLVVADFGLS,2.4,0,11,0000000000000010000000000000000000000000000000000101000000000000000000100000000000000000000000000010000001000000100000000000000000000000000000000000000000000000010001000000000000000010000001000000000000000000001000000000000000000000000000000000010000000000000000000000000000000000000000000000001000000000000010001000000000110000010010000000000000000010000000000000000000000000000000000000000000000000000000000000000000000000000000000000000000000000000000010000001000100100000010000000000000000000000000000000000000000000000000000000100000000000000000000100000010010001010000000000000000000000000,0,0,1,1,0,0,0,1,0,0,1,0
Human,ABL1,2e2b, ,A,406,-,0.92,2.306,HKLGGGQYGEVYEVAVKTLEFLKEAAVMKEIKPNLVQLLGVYIITEFMTYGNLLDYLREYLEKKNFIHRDLAARNCLVVADFGLS,2.2,0,0,0000000000000010000000000000000000000000000000000101000000000000000000100000000000000000000000000010000001000000100000000000000000000000000000000000000000000000010001000000000000000010000001000000000000000000001000000000000000000000000000100000010000000000000000000000000000000000000000000000001000000000000010001000000000110000010010000000000000000010000000000000000000000000000000000000000000000000000000000000000000001000000000000000000000000000000000010000001000100100010010000000000000000000000000000000000000000000000000000000100000000000001000000100000010010001010000000000000000000000000,0,0,1,1,0,0,0,1,0,1,1,0
Human,ABL1,2gqg,A,B,1N1,-,0.784,2.113,HKLGGGQYGEVYEVAVKTLEFLKEAAVMKEIKPNLVQLLGVYIITEFMTYGNLLDYLREYLEKKNFIHRDLAARNCLVVADFGLS,2.4,0,0,0000000000000010000000000000000000000000000000000100000000000000000000100000000000000000000000000010000001000000100000000000000000000000000000000000000000000000010000000000000000000000000001000000000000000000000000000000000000000000000000000000010000000000000000000000000000000000000000000000001000000000000010001001000000110000010011001000000100010010000000000000000000000000000000000000000000000000000000000000000000000000000000000000000000000000000000000000000000000000000000000000000000000000000000000000000000000000000000000000100000000000000000000100000000000001000000000000000000000000000,0,0,1,1,0,0,0,0,0,0,0,0
Human,ABL1,2hzi,B,B,JIN,-,0.832,2.135,HKLGGGQYGEVYEVAVKTLEFLKEAAVMKEIKPNLVQLLGVYIITEFMTYGNLLDYLREYLEKKNFIHRDLAARNCLVVADFGLS,1.7,0,4,0000000000000010000000000000000000000000000000000100000000000000000000100000000000000000000000000010000001000000100000000000000000000000000000000000000000000000000000000000000000000000000001000000000000000000000000000000000000000000000000000000010000000000000000000000000000000000000000000000001000000000000010000001000000110000010011000000000000000010000000000000000000000000000000000000000000000000000000000000000000000000000000000000000000000000000000000000000000000000000000000000000000000000000000000000000000000000000000000000100000000000000000000100000010000001010000000000000000000000000,0,0,1,1,0,0,0,0,0,0,0,0
Human,ABL1,3cs9,A,D,NIL,-,0.932,2.306,HKLGGGQYGEVYEVAVKTLEFLKEAAVMKEIKPNLVQLLGVYIITEFMTYGNLLDYLREYLEKKNFIHRDLAARNCLVVADFGLS,2.21,0,4,0000000000000010000000000000000000000000000000000101000000000000000000100000000000000000000000000010000001000000100000000000000000000000000000000000000000100000010001000000000000000010000001000000000000000000001000000000000000000000000000100000010000000000000000000000000000000000000000000000001000000000000010001000000000110000010010000000000000000010000000000000000000000000000000000000000000000000000000000000000000001000000000000000000000000000000000010100000000000100000000000000000000000000000000000000000000000000000000000000100000000000001000000100000010010001010000000000000000000000000,0,0,1,1,0,0,0,1,0,1,0,1
Human,ABL1,2hiw, ,A,7MP,-,0.935,2.298,HKLGGGQYGEVYEVAVKTLEFLKEAAVMKEIKPNLVQLLGVYIITEFMTYGNLLDYLREYLEKKNFIHRDLAARNCLVVADFGLS,2.2,0,0,0000000000000010000000000000000000000000000000000100000000000000000000100000000000000000000000000010000001000000100000000000000000000000000000000000000000000000010000000000000000000010000001000000000000000000001000000000000000000000000000100000010000000000000000000000000000000000000000000000001000000000000010000001000000100000010011000000000000000000000000000000000000000000000000000000000000000000000000000000000000001000000000000000000000000000000000000000000000000100000000000000000000000000000000000000000000000000000000000000100000000000001000000100000010010001010000000000000000000000000,0,0,1,1,0,0,0,1,0,1,0,0
Human,ABL1,3qrk, ,A,9DP,-,0.925,2.299,HKLGGGQYGEVYEVAVKTLEFLKEAAVMKEIKPNLVQLLGVYIITEFMTYGNLLDYLREYLEKKNFIHRDLAARNCLVVADFGLS,2.3,0,0,0000000000000000000000000000000000000000000000000000000000000000000000100000000000000000000000000010000001000000100000000000000000000100010000000000000000000000010001000000000000000010000001000000000000000000001000000000000000000000000000100000010000000000000000000000000000000000000000000000001000000000000010000000000000000000000000000000000000000000000000000000000000000000000000000000000000000000000000000000000000001000000000000000000000000000000000000000000000000100000000000000000000000000000000000000000000000000000000000000000000000000001000000100000010010001010000100000000000000000000,0,0,1,1,0,0,0,1,0,1,0,1
Human,ABL1,1opl, ,A,P16,-,0.832,2.131,HKLGGGQYGEVYEVAVKTLEFLKEAAVMKEIKPNLVQLLGVYIITEFMTYGNLLDYLREYLEKKNFIHRNLAARNCLVVADFGLS,3.42,0,0,0000000000000010000001000000000000000000000000000100000000000000000000100000000000000000000000000010000001000000100000000000000000000000000000000000000000000000010000000000000000000000000001000000000000000000000000000000000000000000000000000000010000000000000000000000000000000000000000000000001000000000000010000000000000100000010011000000000000000010000000000000000000000000000000000000000000000000000000000000000000000000000000000000000000000000000000000000000000000000000000000000000000000000000000000000000000000000000000000000100000000000000000000100000000000001000000000000000000000000000,0,0,1,1,0,0,0,0,0,0,0,0
Human,ABL1,2hyy, ,A,STI,-,0.925,2.306,HKLGGGQYGEVYEVAVKTLEFLKEAAVMKEIKPNLVQLLGVYIITEFMTYGNLLDYLREYLEKKNFIHRDLAARNCLVVADFGLS,2.4,0,19,0000000000000010000000000000000000000000000000000101000000000000000000100000000000000000000000000010000001000000100000000000000000000000000000000000000000000000010001000000000000000010000001000000000000000000001000000000000000000000000000000000010000000000000000000000000000000000000000000000001000000000000010001000000000110000010010000000000000000010000000000000000000000000000000000000000000000000000000000000000000000000000000000000000000000000000000010000001000100100000010000000000000000000000000000000000000000000000000000000100000000000000000000100000010010001010000000000000000000000000,0,0,1,1,0,0,0,1,0,0,1,0
Human,ABL1,3qrj,A,B,919,-,0.918,2.29,HKLGGGQYGEVYEVAVKTLEFLKEAAVMKEIKPNLVQLLGVYIIIEFMTYGNLLDYLREYLEKKNFIHRDLAARNCLVVADFGLS,1.82,0,17,0000000000000010000000000000000000000000000000000000000000000000000000100000000000000000000000000010000000000000100000000000000000000100000000000000000000000000010001000000000000000010000001000000000000000000001000000000000000000000000000100000010000000000000000000000000000000000000000000000000000000000000010000001000000100000010011000000000000000010000000000000000000000000000000000000000000000000000000000000000000001000000000000000000000000000000000010000000000000100000000000000000000000000000000000000000000000000000000000000100000000000000000000100000010010001010000000000000000000000000,0,0,0,1,0,0,0,1,0,1,0,1
Human,ABL1,3qrj,A,A,919,-,0.925,2.282,HKLGGGQYGEVYEVAVKTLEFLKEAAVMKEIKPNLVQLLGVYIIIEFMTYGNLLDYLREYLEKKNFIHRDLAARNCLVVADFGLS,1.82,0,8,0000000000000010000000000000000000000000000000000000000000000000000000100000000000000000000000000010000000000000100000000000000000000100000000000000000000000000010001000000000000000010000001000000000000000000001000000000000000000000000000100000010000000000000000000000000000000000000000000000001000000000000010000001000000100000010010001000000000000010000000000000000000000000000000000000000000000000000000000000000000001000000000000000000000000000000000010000000000000100000000000000000000000000000000000000000000000000000000000000100000000000001000000100000010010001010000100000000000000000000,0,0,0,1,0,0,0,1,0,1,0,1
Human,ABL1,3qrj,B,B,919,-,0.918,2.291,HKLGGGQYGEVYEVAVKTLEFLKEAAVMKEIKPNLVQLLGVYIIIEFMTYGNLLDYLREYLEKKNFIHRDLAARNCLVVADFGLS,1.82,0,17,0000000000000010000000000000000000000000000000000000000000000000000000100000000000000000000000000010000000000000100000000000000000000100000000000000000000000000010001000000000000000010000001000000000000000000001000000000000000000000000000100000010000000000000000000000000000000000000000000000000000000000000010000001000000100000010011000000000000000010000000000000000000000000000000000000000000000000000000000000000000001000000000000000000000000000000000010000000000000100000000000000000000000000000000000000000000000000000000000000100000000000000000000100000010010001010000000000000000000000000,0,0,0,1,0,0,0,1,0,1,0,1
Human,ABL1,2hyy, ,B,STI,-,0.92,2.306,HKLGGGQYGEVYEVAVKTLEFLKEAAVMKEIKPNLVQLLGVYIITEFMTYGNLLDYLREYLEKKNFIHRDLAARNCLVVADFGLS,2.4,0,8,0000000000000010000000000000000000000000000000000101000000000000000000100000000000000000000000000010000001000000100000000000000000000000000000000000000000000000010001000000000000000010000001000000000000000000001000000000000000000000000000000000010000000000000000000000000000000000000000000000001000000000000010001000000000110000010010000000000000000010000000000000000000000000000000000000000000000000000000000000000000000000000000000000000000000000000000000000001000100100000010000000000000000000000000000000000000000000000000000000100000000000000000000100000010010001010000000000000000000000000,0,0,1,1,0,0,0,1,0,0,1,0
Human,ABL1,2g2f, ,B,AGS,-,0.852,1.97,HKLG_____EVYEVAVKTLEFLKEAAVMKEIKPNLVQLLGVYIITEFMTYGNLLDYLREYLEKKNFIHRDLAARNCLVVADFGLS,2.7,5,4,0000000000000010000000000000000000000000000000000000000000000000000000000000000000000000000000000010000000000000000000000000000000000000000000000000000000000000000000000000000000000000000000000000000000000000000000000000000000000000000000000000000000000000000000000000000000000000000000000000000000000000000000000000000100110000010010000000000000000000000001001100000000000000000000000000000000000000000000000000000000000000000000000000000000000000000000000000000000000000000000000000000000000000000000000000000100000000000000000000100000000000000000000000000000000000000000000000000000000000000,0,0,0,0,0,0,0,0,0,0,0,0
Human,ABL1,1opl, ,B,P16,-,0.833,2.134,HKLGGGQYGEVYEVAVKTLEFLKEAAVMKEIKPNLVQLLGVYIITEFMTYGNLLDYLREYLEKKNFIHRNLAARNCLVVADFGLS,3.42,0,0,0000000000000010000001000000000000000000000000000100000000000000000000100000000000000000000000000010000001000000100000000000000000000000000000000000000000000000010000000000000000000000000001000000000000000000000000000000000000000000000000000000010000000000000000000000000000000000000000000000001000000000000010000000000000100000010011000000000100000010000000000000000000000000000000000000000000000000000000000000000000000000000000000000000000000000000000000000000000000000000000000000000000000000000000000000000000000000000000000000100000000000000000000100000000000001010000000000000000000000000,0,0,1,1,0,0,0,0,0,0,0,0
Human,ABL1,3pyy,B,B,STI,3YY,0.936,2.303,HKLGGGQYGEVYEVAVKTLEFLKEAAVMKEIKPNLVQLLGVYIITEFMTYGNLLDYLREYLEKKNFIHRDLAARNCLVVADFG__,1.85,2,3,0000000000000010000000000000000000000000000000000101000000000000000000100000000000000000000000000010000001000000100000000000000000000000000000000000000000000000010001000000000000000010000001000000000000000000001000000000000000000000000000000000010000000000000000000000000000000000000000000000001000000000000010001000000000110000010010000000000000000010000000000000000000000000000000000000000000000000000000000000000000000000000000000000000000000000000000010000001000100100000010000000000000000000000000000000000000000000000000000000100000000000000000000100000010010001010000000000000000000000000,0,0,1,1,0,0,0,1,0,0,1,0
Human,ABL1,3cs9,A,A,NIL,-,0.927,2.302,HKLGGGQYGEVYEVAVKTLEFLKEAAVMKEIKPNLVQLLGVYIITEFMTYGNLLDYLREYLEKKNFIHRDLAARNCLVVADFGLS,2.21,0,0,0000000000000010000000000000000000000000000000000101000000000000000000100000000000000000000000000010000001000000100000000000000000000000000000000000000000100000010001000000000000000010000001000000000000000000001000000000000000000000000000100000010000000000000000000000000000000000000000000000001000000000000010001000000000110000010010000000000000000010000000000000000000000000000000000000000000000000000000000000000000001000000000000000000000000000000000010100000000000100000000000000000000000000000000000000000000000000000000000000100000000000001000000100000010010001010000000000000000000000000,0,0,1,1,0,0,0,1,0,1,0,1
Human,ABL1,2hzi,B,A,JIN,-,0.834,2.133,HKLGGGQYGEVYEVAVKTLEFLKEAAVMKEIKPNLVQLLGVYIITEFMTYGNLLDYLREYLEKKNFIHRDLAARNCLVVADFGLS,1.7,0,3,0000000000000010000001000000000000000000000000000100000000000000000000100000000000000000000000000010000001000000100000000000000000000000000000000000000000000000000000000000000000000000000001000000000000000000000000000000000000000000000000000000010000000000000000000000000000000000000000000000001000000000000010000001000000110000010011000000000100000010000000000000000000000000000000000000000000000000000000000000000000000000000000000000000000000000000000000000000000000000000000000000000000000000000000000000000000000000000000000000100000000000000000000100000010000001000000000000000000000000000,0,0,1,1,0,0,0,0,0,0,0,0
Human,ABL1,2v7a, ,A,627,-,0.783,2.092,HKLGGGQYGEVYEVAVKTLEFLKEAAVMKEIKPNLVQLLGVYIIIEFMTYGNLLDYLREYLEKKNFIHRDLAARNCLVVADFGLS,2.5,0,0,0000000000000010000000000000100000010000000000000000000000000000000000100000000000000000000000000010000000000000100100000000000000000000000000000000000000000000000000000000000000000000000000000000000000000000000000000000000000000000000000000000000000000000000000000000000000000000000000000000000000000000000010000000000100110000010011001000000100000010000001000000000000000000000000000000000000000000000000000000000000000000000000000000000000000000000000000000000000000000000000000000000000000000000000000000000100000010000000000000100000000000000000000100000010000000000000000000000000000000000,1,0,0,0,0,0,0,0,0,0,0,0
Human,ABL1,3cs9,B,C,NIL,-,0.916,2.277,HKLGGGQYGEVYEVAVKTLEFLKEAAVMKEIKPNLVQLLGVYIITEFMTYGNLLDYLREYLEKKNFIHRDLAARNCLVVADFG__,2.21,2,0,0000000000000010000000000000000000000000000000000101000000000000000000100000000000000000000000000010000001000000100000000000000000000000000000000000000000100000010001000000000000000010000001000000000000000000001000000000000000000000000000100000010000000000000000000000000000000000000000000000001000000000000010001000000000110000010010000000000000000010000000000000000000000000000000000000000000000000000000000000000000001000000000000000000000000000000000010100000000000100000000000000000000000000000000000000000000000000000000000000100000000000001000000100000010010001010000000000000000000000000,0,0,1,1,0,0,0,1,0,1,0,1
Human,ABL1,2hzi,A,A,JIN,-,0.834,2.133,HKLGGGQYGEVYEVAVKTLEFLKEAAVMKEIKPNLVQLLGVYIITEFMTYGNLLDYLREYLEKKNFIHRDLAARNCLVVADFGLS,1.7,0,3,0000000000000010000001000000000000000000000000000100000000000000000000100000000000000000000000000010000001000000100000000000000000000000000000000000000000000000000000000000000000000000000001000000000000000000000000000000000000000000000000000000010000000000000000000000000000000000000000000000001000000000000010000001000000110000010011000000000100000010000000000000000000000000000000000000000000000000000000000000000000000000000000000000000000000000000000000000000000000000000000000000000000000000000000000000000000000000000000000000100000000000000000000100000010000001000000000000000000000000000,0,0,1,1,0,0,0,0,0,0,0,0
Human,ABL1,4xey, ,A,1N1,-,0.862,1.965,HKLGG____EVYEVAVKTLEFLKEAAVMKEIKPNLVQLLGVYIITEFMTYGNLLDYLREYLEKKNFIHRDLAARNCLVVADFGLS,2.89,4,0,0000000000000010000000000000000000000000000000000000000000000000000000100000000000000000000000000010000001000000100000000000000000000000000000000000000000000000000000000000000000000000000001000000000000000000000000000000000000000000000000000000010000000000000000000000000000000000000000000000001000000000000010001000000000110000010011001000000100000010000000000000000000000000000000000000000000000000000000000000000000000000000000000000000000000000000000000000000000000000000000000000000000000000000000000000000000000000000000000000100000000000000000000100000010000001010000000000000000000000000,0,0,1,1,0,0,0,0,0,0,0,0
Human,ABL1,3qrj,B,A,919,-,0.925,2.282,HKLGGGQYGEVYEVAVKTLEFLKEAAVMKEIKPNLVQLLGVYIIIEFMTYGNLLDYLREYLEKKNFIHRDLAARNCLVVADFGLS,1.82,0,8,0000000000000010000000000000000000000000000000000000000000000000000000100000000000000000000000000010000000000000100000000000000000000100000000000000000000000000010001000000000000000010000001000000000000000000001000000000000000000000000000100000010000000000000000000000000000000000000000000000001000000000000010000001000000100000010010001000000000000010000000000000000000000000000000000000000000000000000000000000000000001000000000000000000000000000000000010000000000000100000000000000000000000000000000000000000000000000000000000000100000000000001000000100000010010001010000100000000000000000000,0,0,0,1,0,0,0,1,0,1,0,1
Human,ABL1,2g2h, ,A,P16,-,0.857,2.127,HKLGGGQYGEVYEVAVKTLEFLKEAAVMKEIKPNLVQLLGVYIITEFMTYGNLLDYLREYLEKKNFIHRDLAARNCLVVADFGLS,2,0,0,0000000000000010000001000000000000000000000000000100000000000000000000100000000000000000000000000010000001000000100000000000000000000000000000000000000000000000000000000000000000000000000001000000000000000000000000000000000000000000000000000000010000000000000000000000000000000000000000000000001000000000000010000001000000110000010011001000000100000010000000000000000000000000000000000000000000000000000000000000000000000000000000000000000000000000000000000000000000000000000000000000000000000000000000000000000000000000000000000000100000000000000000000100000010000001000000000000000000000000000,0,0,1,1,0,0,0,0,0,0,0,0
Human,ABL1,2hzi,A,B,JIN,-,0.832,2.135,HKLGGGQYGEVYEVAVKTLEFLKEAAVMKEIKPNLVQLLGVYIITEFMTYGNLLDYLREYLEKKNFIHRDLAARNCLVVADFGLS,1.7,0,4,0000000000000010000000000000000000000000000000000100000000000000000000100000000000000000000000000010000001000000100000000000000000000000000000000000000000000000000000000000000000000000000001000000000000000000000000000000000000000000000000000000010000000000000000000000000000000000000000000000001000000000000010000001000000110000010011000000000000000010000000000000000000000000000000000000000000000000000000000000000000000000000000000000000000000000000000000000000000000000000000000000000000000000000000000000000000000000000000000000100000000000000000000100000010000001010000000000000000000000000,0,0,1,1,0,0,0,0,0,0,0,0
Human,ABL1,4xey, ,B,1N1,-,0.868,1.944,HKL______EVYEVAVKTLEFLKEAAVMKEIKPNLVQLLGVYIITEFMTYGNLLDYLREYLEKKNFIHRDLAARNCLVVADFGLS,2.89,6,0,0000000000000010000000000000000000000000000000000000000000000000000000100000000000000000000000000010000001000000100000000000000000000000000000000000000000000000000000000000000000000000000001000000000000000000000000000000000000000000000000000000010000000000000000000000000000000000000000000000001000000000000010001000000000110000010011001000000100000010000000000000000000000000000000000000000000000000000000000000000000000000000000000000000000000000000000000000000000000000000000000000000000000000000000000000000000000000000000000000100000000000000000000100000010000001010000000000000000000000000,0,0,1,1,0,0,0,0,0,0,0,0
Human,ABL1,3qri,A,B,919,-,0.926,2.283,HKLGGGQYGEVYEVAVKTLEFLKEAAVMKEIKPNLVQLLGVYIITEFMTYGNLLDYLREYLEKKNFIHRDLAARNCLVVADFGLS,2.1,0,3,0000000000000010000000000000000000000000000000000000000000000000000000100000000000000000000000000010000000000000100000000000000000000100000000000000000000000000010001000000000000000010000001000000000000000000001000000000000000000000000000100000010000000000000000000000000000000000000000000000001000000000000010000001000000100000010011001000000000000010000000000000000000000000000000000000000000000000000000000000000000001000000000000000000000000000000000010000000000000100000000000000000000000000000000000000000000000000000000000000100000000000001000000100000010010001010000100000000000000000000,0,0,0,1,0,0,0,1,0,1,0,1
Human,ABL1,2hiw, ,B,7MP,-,0.93,2.321,HKLGGGQYGEVYEVAVKTLEFLKEAAVMKEIKPNLVQLLGVYIITEFMTYGNLLDYLREYLEKKNFIHRDLAARNCLVVADFGLS,2.2,0,0,0000000000000010000000000000000000000000000000000100000000000000000000100000000000000000000000000010000001000000100000000000000000000000000000000000000000000000010000000000000000000010000001000000000000000000001000000000000000000000000000100000010000000000000000000000000000000000000000000000001000000000000010000001000000100000010011000000000000000000000000000000000000000000000000000000000000000000000000000000000000001000000000000000000000000000000000000000000000000100000000000000000000000000000000000000000000000000000000000000100000000000001000000100000010010001010000000000000000000000000,0,0,1,1,0,0,0,1,0,1,0,0
Human,ABL1,2g2i, ,A,ADP,-,0.789,1.993,HKLGGG___EVYEVAVKTLEFLKEAAVMKEIKPNLVQLLGVYIITEFMTYGNLLDYLREYLEKKNFIHRDLAARNCLVVADFGLS,3.12,3,0,0000000000000010000001000000000000000000000000000000000000000000000000100000000000000000000000000010000000000000000000000000000000000000000000000000000000000000000000000000000000000000000000000000000000000000000000000000000000000000000000000000000000000000000000000000000000000000000000000000000000000000000000000000000100101000010010000000000000000000000000000000000000000000000000000000000000000000000000000000000000000000000000000000000000000000000000000000000000000000000000000000000000000000000000000000000000000000000000000000100000000000000000000000000000000000000000000000000000000000000,0,0,0,0,0,0,0,0,0,0,0,0
Human,ABL1,3cs9,B,B,NIL,-,0.937,2.245,HKLGGGQYGEVYEVAVKTLEFLKEAAVMKEIKPNLVQLLGVYIITEFMTYGNLLDYLREYLEKKNFIHRDLAARNCLVVADFG__,2.21,2,0,0000000000000010000000000000000000000000000000000101000000000000000000100000000000000000000000000010000001000000100000000000000000000000000000000000000000100000010001000000000000000010000001000000000000000000001000000000000000000000000000100000010000000000000000000000000000000000000000000000001000000000000010001000000000101000010010000000000000000010000000000000000000000000000000000000000000000000000000000000000000001000000000000000000000000000000000010100000000000100000000000000000000000000000000000000000000000000000000000000100000000000001000000100000010010001010000000000000000000000000,0,0,1,1,0,0,0,1,0,1,0,1
Human,ABL1,4yc8, ,A,4B7,-,0.839,1.953,HKL______EVYEVAVKTLEFLKEAAVMKEIKPNLVQLLGVYIITEFMTYGNLLDYLREYLEKKNFIHRDLAARNCLVVADFGLS,2.9,6,27,0000000000000010000000000000000000000000000000000000000000000000000000100000000000000000000000000010000000000000100000000000000000000000000010000000000000000000010000001000000000000000000001000000000000000000000000000000000000000000000000000000000000000000000000000000000000000000000000000000001000000000000010001000000000110000010011001000000100000010000000000000000000000000000000000000000000000000000000000000000000000000000000000000000000000000000000000000000000000000000000000000000000000000000000000000000000000000000000000000100000000000000000000000000000000001110000000000000000000000000,0,0,1,1,0,0,0,0,0,0,0,0
Human,ABL1,4yc8, ,B,4B7,-,0.851,1.953,HKL______EVYEVAVKTLEFLKEAAVMKEIKPNLVQLLGVYIITEFMTYGNLLDYLREYLEKKNFIHRDLAARNCLVVADFGLS,2.9,6,43,0000000000000010000000000000000000000000000000000000000000000000000000100000000000000000000000000010000000000000100000000000000000000000000010000000000000000000010000001000000000000000000001000000000000000000000000000000000000000000000000000000000000000000000000000000000000000000000000000000001000000000000010001000000000110000010011001000000100000010000000000000000000000000000000000000000000000000000000000000000000000000000000000000000000000000000000000000000000000000000000000000000000000000000000000000000000000000000000000000100000000000000000000000000000000001110000000000000000000000000,0,0,1,1,0,0,0,0,0,0,0,0
Human,ABL1,5hu9,A,A,66K,66K,0.918,2.301,HKLGGGQYGEVYEVAVKTLEFLKEAAVMKEIKPNLVQLLGVYIITEFMTYGNLLDYLREYLEKKNFIHRDLAARNCLVVADFGLS,1.53,0,0,0000000000000010000000000000000000000000000000000000000000000000000000100000000000000000000000000010000001000000100000000000000000000000000000000000000000000000010001000000000000000010000001000000000000000000001000000000000000000000000000100000010000000000000000000000000000000000000000000000001000000000000010000000000000101000010010000000000000000010000000000000000000000000000000000000000000000000000000000000000000001000000000000000000000000000000000000000001000100100000010000000000000000000000000000000000000000000000000000000100000000000001000000100000010010001010000000000000000000000000,0,0,1,1,0,0,0,1,0,1,1,0
Human,ABL1,5hu9,B,A,66K,66K,0.918,2.301,HKLGGGQYGEVYEVAVKTLEFLKEAAVMKEIKPNLVQLLGVYIITEFMTYGNLLDYLREYLEKKNFIHRDLAARNCLVVADFGLS,1.53,0,0,0000000000000010000000000000000000000000000000000000000000000000000000000000000000000000000000000010000001000000100000000000000000000000000000000000000000000000010001000000000000000010000001000000000000000000001000000000000000000000000000100000010000000000000000000000000000000000000000000000001000000000000010000000000000101000010010000000000000000010000000000000000000000000000000000000000000000000000000000000000000001000000000000000000000000000000000000000001000100100000010000000000000000000000000000000000000000000000000000000100000000000001000000100000010010001010000000000000000000000000,0,0,1,1,0,0,0,1,0,1,1,0
Human,ABL1,4zog, ,A,VX6,MXE,0.846,2.158,HKLGGGQYGEVYEVAVKTLEFLKEAAVMKEIKPNLVQLLGVYIITEFMTYGNLLDYLREYLEKKNFIHRDLAARNCLVVADFGLS,2.3,0,0,0000000000000010000001000000000000000000000000000101000000000000000000100000000000000000000000000010000000000000100000000000000000000000000000000000000000000000000000000000000000000000000001000000000000000000000000000000000000000000000000000000010000000000000000000000000000000000000000000000001000000000000010000000000000110000010001001000000100000010000000000000000000000000000000000000000000000000000000000000000000000000000000000000000000000000000000000000000000000100000000000001000000000000000000000000000000000010000000000000100000000000000000000000000000000001000000100000000000000000000,0,0,1,1,0,0,0,0,0,0,0,0
Human,ABL1,4zog, ,B,VX6,-,0.828,2.145,HKLGGGQYGEVYEVAVKTLEFLKEAAVMKEIKPNLVQLLGVYIITEFMTYGNLLDYLREYLEKKNFIHRDLAARNCLVVADFGLS,2.3,0,25,0000000000000010000001000000000000000000000000000101000000000000000000100000000000000000000000000010000000000000100000000000000000000000000000000000000000000000000000000000000000000000000001000000000000000000000000000000000000000000000000000000010000000000000000000000000000000000000000000000001000000000000010000000000000110000010001001000000100000010000000000000000000000000000000000000000000000000000000000000000000000000000000000000000000000000000000000000000000000000000000000000000000000000000000000000000000000000000000000000100000000000000000000000000000000001000000000000000000000000000,0,0,0,1,0,0,0,0,0,0,0,0
Human,ABL1,5mo4,B,A,NIL,AY7,0.864,2.218,HKLGGGQYGEVYEVAVKTLEFLKEAAVMKEIKPNLVQLLGVYIIIEFMTYGNLLDYLREYLEKKNFIHRNLAARNCLVVADF___,2.17,3,8,0000000000000010000000000000000000000000000000000101000000000000000000100000000000000000000000000010000001000000100000000000000000000000000000000000000000100000010001000000000000000010000001000000000000000000001000000000000000000000000000100000010000000000000000000000000000000000000000000000001000000000000010000000000000110000010010000000000000000010000000000000000000000000000000000000000000000000000000000000000000001000000000000000000000000000000000010100000000000100000000000000000000000000000000000000000000000000000000000000100000000000001000000100000010010001100000000000000000000000000,0,0,1,1,0,0,0,1,0,1,0,1
Human,ABL1,5mo4,A,A,NIL,AY7,0.864,2.218,HKLGGGQYGEVYEVAVKTLEFLKEAAVMKEIKPNLVQLLGVYIIIEFMTYGNLLDYLREYLEKKNFIHRNLAARNCLVVADF___,2.17,3,8,0000000000000010000000000000000000000000000000000101000000000000000000100000000000000000000000000010000001000000100000000000000000000000000000000000000000100000010001000000000000000010000001000000000000000000001000000000000000000000000000100000010000000000000000000000000000000000000000000000001000000000000010000000000000110000010010000000000000000010000000000000000000000000000000000000000000000000000000000000000000001000000000000000000000000000000000010100000000000100000000000000000000000000000000000000000000000000000000000000100000000000001000000100000010010001100000000000000000000000000,0,0,1,1,0,0,0,1,0,1,0,1
Human,ABL1,6bl8,B,A,PVB,-,0.827,2.099,HKLGGGQYGEVYEVAVKTLEFLKEAAVMKEIKPNLVQLLGVYIITEFMTYGNLLDYLREYLEKKNFIHRDLAARNCLVVADFGLS,2.5,0,16,0000000000000010000001000000100000000000000000000000000000000000000000100000000000000000000000000010000000000000100000000000000000000000000000000000000000000000000000000000000000000000000000000000000000000000000000000000000000000000000000000000010000000000000000000000000000000000000000000000000000000000000000000001000000110000010010001000000100000010000001001000000000000000000000000000000000000000000000000000000000000000000000000000000000000000000000000000000000000000000000000000000000000000000000000000000000000000000000000000100000000000000000000100000000000001000000000000000000000000000,0,0,0,0,0,0,0,0,0,0,0,0
Human,ABL1,6bl8,A,A,PVB,-,0.827,2.099,HKLGGGQYGEVYEVAVKTLEFLKEAAVMKEIKPNLVQLLGVYIITEFMTYGNLLDYLREYLEKKNFIHRDLAARNCLVVADFGLS,2.5,0,14,0000000000000010000001000000100000000000000000000000000000000000000000100000000000000000000000000010000000000000100000000000000000000000000000000000000000000000000000000000000000000000000000000000000000000000000000000000000000000000000000000000010000000000000000000000000000000000000000000000000000000000000000000001000000110000010010001000000100000010000001001000000000000000000000000000000000000000000000000000000000000000000000000000000000000000000000000000000000000000000000000000000000000000000000000000000000000000000000000000100000000000000000000100000000000001000000000000000000000000000,0,0,0,0,0,0,0,0,0,0,0,0
Human,ABL1,6bl8,B,B,PVB,-,0.828,2.002,HKLG___YGEVYEVAVKTLEFLKEAAVMKEIKPNLVQLLGVYIITEFMTYGNLLDYLREYLEKKNFIHRDLAARNCLVVADFGLS,2.5,3,39,0000000000000010000000000000000000000000000000000000000000000000000000100000000000000000000000000010000000000000000000000000000000000000000000000000000000000000000000000000000000000000000000000000000000000000000000000000000000000000000000000000010000000000000000000000000000000000000000000000000000000000000010000001000000110000010010001000000100000010000001000000000000000000000000000000000000000000000000000000000000000000000000000000000000000000000000000000000000000000000000000000000000000000000000000000000000000000000000000000100000000000000000000100000000000001000000000000000000000000000,0,0,0,0,0,0,0,0,0,0,0,0
Human,ABL1,6bl8,A,B,PVB,-,0.828,2.002,HKLG___YGEVYEVAVKTLEFLKEAAVMKEIKPNLVQLLGVYIITEFMTYGNLLDYLREYLEKKNFIHRDLAARNCLVVADFGLS,2.5,3,37,0000000000000010000000000000000000000000000000000000000000000000000000100000000000000000000000000010000000000000000000000000000000000000000000000000000000000000000000000000000000000000000000000000000000000000000000000000000000000000000000000000010000000000000000000000000000000000000000000000000000000000000010000001000000110000010010001000000100000010000001000000000000000000000000000000000000000000000000000000000000000000000000000000000000000000000000000000000000000000000000000000000000000000000000000000000000000000000000000000100000000000000000000100000000000001000000000000000000000000000,0,0,0,0,0,0,0,0,0,0,0,0
Human,ABL1,2g1t, ,B,-,-,0.822,2.158,HKLGGGQYGEVYEVAVKTLEFLKEAAVMKEIKPNLVQLLGVYIITEFMTYGNLLDYLREYLEKKNFIHRDLAARNCLVVADFGLS,1.8,0,0,,,,,,,,,,,,,
Human,ABL1,2g1t, ,A,-,-,0.825,2.154,HKLGGGQYGEVYEVAVKTLEFLKEAAVMKEIKPNLVQLLGVYIITEFMTYGNLLDYLREYLEKKNFIHRDLAARNCLVVADFGLS,1.8,0,0,,,,,,,,,,,,,
Human,ABL1,2g1t, ,C,-,-,0.823,2.161,HKLGGGQYGEVYEVAVKTLEFLKEAAVMKEIKPNLVQLLGVYIITEFMTYGNLLDYLREYLEKKNFIHRDLAARNCLVVADFGLS,1.8,0,0,,,,,,,,,,,,,
Human,ABL1,2g1t, ,D,-,-,0.826,2.164,HKLGGGQYGEVYEVAVKTLEFLKEAAVMKEIKPNLVQLLGVYIITEFMTYGNLLDYLREYLEKKNFIHRDLAARNCLVVADFGLS,1.8,0,0,,,,,,,,,,,,,
Human,ABL1,2hz4, ,C,-,4ST,0.791,1.94,HKLG_____EVYEVAVKTLEFLKEAAVMKEIKPNLVQLLGVYIITEFMTYGNLLDYLREYLEKKNFIHRDLAARNCLVVADFGLS,2.8,5,0,,,,,,,,,,,,,
Human,ABL1,2g2f, ,A,-,-,0.871,2.11,HKLGGGQYGEVYEVAVKTLEFLKEAAVMKEIKPNLVQLLGVYIITEFMTYGNLLDYLREYLEKKNFIHRDLAARNCLVVADFGLS,2.7,0,0,,,,,,,,,,,,,
Human,ABL1,2hz4, ,A,-,4ST,0.781,1.954,HKLG_____EVYEVAVKTLEFLKEAAVMKEIKPNLVQLLGVYIITEFMTYGNLLDYLREYLEKKNFIHRDLAARNCLVVADFGLS,2.8,5,0,,,,,,,,,,,,,
